{
	"companies": [
		{
			"name": "A",
			"specialties": [
				{
					"specialty": "structural design",
					"cost": 5000
				},
				{
					"specialty": "building",
					"cost": 5000
				}
			]
		},
		{
			"name": "B",
			"specialties": [
				{
					"specialty": "structural design",
					"cost": 4000
				},
				{
                    "specialty": "building",
                    "cost": 8000
                }
			]
		},
		{
            "name": "C",
            "specialties": [
                {
                    "specialty": "interior design",
                    "cost": 3500
                },
                {
                    "specialty": "building",
                    "cost": 9000
                }
            ]
        },
        {
            "name": "D",
            "specialties": [
                {
                    "specialty": "building",
                    "cost": 7500
                },
                {
                    "specialty": "electrics & plumbing",
                    "cost": 2500
                }
            ]
        },
        {
            "name": "E",
            "specialties": [
                {
                    "specialty": "building",
                    "cost": 7200
                },
                {
                    "specialty": "electrics & plumbing",
                    "cost": 3700
                }
            ]
        },
        {
            "name": "F",
            "specialties": [
                {
                    "specialty": "structural design",
                    "cost": 4000
                },
                {
                    "specialty": "interior design",
                    "cost": 4000
                }
            ]
        },
	]
}
